symbol,timestamp,date,open,high,low,close,volume,prev_close,pct_change,exchange
AXISBANK.NS,,,1180.99,1182.16,1178.89,1181.4,631012,1180.0,0.1188,NSE
AXISBANK.NS,,,1180.28,1181.81,1179.38,1181.63,866091,1181.4,0.019,NSE
AXISBANK.NS,,,1182.85,1185.09,1181.08,1183.6,921296,1181.63,0.1667,NSE
AXISBANK.NS,,,1183.85,1185.61,1181.6,1182.39,592789,1183.6,-0.1019,NSE
AXISBANK.NS,,,1182.16,1188.14,1180.13,1185.5,845317,1182.39,0.2632,NSE
AXISBANK.NS,,,1185.95,1186.02,1181.15,1184.03,778176,1185.5,-0.1238,NSE
AXISBANK.NS,,,1183.83,1188.83,1183.27,1187.22,590342,1184.03,0.2693,NSE
AXISBANK.NS,,,1187.74,1188.92,1185.59,1185.88,1160133,1187.22,-0.1134,NSE
AXISBANK.NS,,,1184.95,1187.04,1184.71,1186.1,810898,1185.88,0.0186,NSE
AXISBANK.NS,,,1187.97,1188.72,1185.07,1187.91,1141535,1186.1,0.1529,NSE
AXISBANK.NS,,,1186.71,1189.94,1185.38,1188.98,1140914,1187.91,0.09,NSE
AXISBANK.NS,,,1189.08,1192.62,1188.94,1191.73,594905,1188.98,0.2313,NSE
AXISBANK.NS,,,1191.88,1194.97,1191.51,1193.99,590444,1191.73,0.1897,NSE
AXISBANK.NS,,,1194.15,1195.31,1194.14,1194.53,1100284,1193.99,0.0453,NSE
AXISBANK.NS,,,1195.67,1198.76,1195.29,1195.7,858465,1194.53,0.0978,NSE
AXISBANK.NS,,,1197.57,1198.43,1191.45,1192.48,1043123,1195.7,-0.2695,NSE
AXISBANK.NS,,,1190.52,1193.83,1190.52,1193.78,655180,1192.48,0.1093,NSE
AXISBANK.NS,,,1193.92,1194.0,1191.96,1192.51,1146728,1193.78,-0.1065,NSE
AXISBANK.NS,,,1191.05,1194.04,1190.96,1192.21,1154904,1192.51,-0.0247,NSE
AXISBANK.NS,,,1191.78,1193.8,1190.63,1192.67,626056,1192.21,0.0385,NSE
AXISBANK.NS,,,1193.86,1196.06,1188.05,1188.57,613838,1192.67,-0.3443,NSE
AXISBANK.NS,,,1189.23,1192.72,1187.51,1192.14,1104939,1188.57,0.3006,NSE
AXISBANK.NS,,,1192.56,1197.35,1190.9,1196.35,681479,1192.14,0.353,NSE
AXISBANK.NS,,,1196.55,1196.71,1192.94,1194.47,982729,1196.35,-0.1572,NSE
AXISBANK.NS,,,1194.64,1198.56,1191.43,1193.14,843835,1194.47,-0.1112,NSE
AXISBANK.NS,,,1194.03,1194.27,1189.81,1192.78,1025119,1193.14,-0.0302,NSE
AXISBANK.NS,,,1193.14,1193.48,1191.48,1193.06,1063270,1192.78,0.0238,NSE
AXISBANK.NS,,,1193.25,1197.55,1193.17,1194.9,996379,1193.06,0.1544,NSE
AXISBANK.NS,,,1196.6,1197.64,1194.61,1194.82,1099057,1194.9,-0.0069,NSE
AXISBANK.NS,,,1194.8,1196.3,1194.61,1196.08,784745,1194.82,0.1052,NSE
AXISBANK.NS,,,1196.47,1198.0,1196.33,1197.23,665877,1196.08,0.0959,NSE
AXISBANK.NS,,,1196.88,1206.65,1195.27,1203.66,1031042,1197.23,0.5379,NSE
AXISBANK.NS,,,1202.3,1204.2,1201.0,1203.84,656293,1203.66,0.0149,NSE
AXISBANK.NS,,,1203.74,1204.21,1202.31,1203.99,952887,1203.84,0.0121,NSE
AXISBANK.NS,,,1203.63,1206.52,1201.52,1204.87,1085101,1203.99,0.0734,NSE
AXISBANK.NS,,,1204.5,1207.49,1200.88,1203.14,899109,1204.87,-0.1441,NSE
AXISBANK.NS,,,1204.05,1205.7,1198.41,1201.03,869612,1203.14,-0.1748,NSE
AXISBANK.NS,,,1201.06,1201.32,1196.27,1198.37,699372,1201.03,-0.2215,NSE
AXISBANK.NS,,,1198.94,1200.21,1197.18,1198.93,1046817,1198.37,0.0465,NSE
AXISBANK.NS,,,1198.62,1206.01,1196.98,1205.03,769577,1198.93,0.5084,NSE
AXISBANK.NS,,,1203.96,1205.39,1201.68,1201.9,1099320,1205.03,-0.259,NSE
AXISBANK.NS,,,1202.25,1203.87,1201.84,1202.82,1100260,1201.9,0.0761,NSE
AXISBANK.NS,,,1203.09,1203.73,1200.51,1200.98,706276,1202.82,-0.1528,NSE
AXISBANK.NS,,,1200.11,1204.86,1197.62,1201.45,697981,1200.98,0.0392,NSE
AXISBANK.NS,,,1202.84,1207.56,1202.53,1203.77,696657,1201.45,0.1931,NSE
AXISBANK.NS,,,1202.89,1204.94,1200.59,1204.84,611357,1203.77,0.0883,NSE
AXISBANK.NS,,,1205.56,1209.14,1205.45,1208.3,922531,1204.84,0.2875,NSE
AXISBANK.NS,,,1209.42,1209.79,1204.23,1206.4,808551,1208.3,-0.1573,NSE
AXISBANK.NS,,,1207.78,1209.13,1206.13,1207.5,1140341,1206.4,0.0912,NSE
AXISBANK.NS,,,1206.92,1210.11,1204.39,1209.14,1153196,1207.5,0.1356,NSE
AXISBANK.NS,,,1209.48,1214.69,1208.93,1211.56,1176568,1209.14,0.2005,NSE
AXISBANK.NS,,,1210.97,1213.78,1204.0,1206.81,718998,1211.56,-0.392,NSE
AXISBANK.NS,,,1206.76,1207.56,1203.63,1204.14,968904,1206.81,-0.2211,NSE
AXISBANK.NS,,,1204.61,1207.7,1202.8,1207.57,857307,1204.14,0.2847,NSE
AXISBANK.NS,,,1205.28,1208.92,1203.98,1207.2,862166,1207.57,-0.0307,NSE
AXISBANK.NS,,,1208.53,1208.91,1208.3,1208.83,1138353,1207.2,0.1352,NSE
AXISBANK.NS,,,1209.31,1210.93,1208.17,1208.45,979827,1208.83,-0.0321,NSE
AXISBANK.NS,,,1209.47,1210.15,1207.58,1208.21,1014271,1208.45,-0.0196,NSE
AXISBANK.NS,,,1208.18,1208.3,1205.3,1206.27,1060518,1208.21,-0.1605,NSE
AXISBANK.NS,,,1205.8,1207.27,1203.37,1203.98,781746,1206.27,-0.1897,NSE
AXISBANK.NS,,,1203.67,1206.3,1198.46,1200.18,1030051,1203.98,-0.3156,NSE
AXISBANK.NS,,,1200.44,1203.11,1199.61,1200.82,705880,1200.18,0.0535,NSE
AXISBANK.NS,,,1200.83,1204.49,1196.92,1197.47,744454,1200.82,-0.2796,NSE
AXISBANK.NS,,,1199.12,1199.22,1197.17,1198.32,608946,1197.47,0.0715,NSE
AXISBANK.NS,,,1198.21,1198.63,1195.17,1197.74,871027,1198.32,-0.0488,NSE
AXISBANK.NS,,,1198.5,1200.29,1196.06,1197.7,1184726,1197.74,-0.0029,NSE
AXISBANK.NS,,,1197.78,1201.26,1192.8,1194.03,636258,1197.7,-0.3064,NSE
AXISBANK.NS,,,1193.5,1194.91,1191.92,1192.87,734568,1194.03,-0.097,NSE
AXISBANK.NS,,,1193.31,1195.6,1189.98,1195.51,950123,1192.87,0.2213,NSE
AXISBANK.NS,,,1195.6,1196.64,1189.77,1193.1,1105095,1195.51,-0.2022,NSE
AXISBANK.NS,,,1193.46,1194.15,1192.32,1193.53,1088411,1193.1,0.0362,NSE
AXISBANK.NS,,,1192.37,1193.58,1189.82,1191.49,1028040,1193.53,-0.1704,NSE
AXISBANK.NS,,,1191.57,1193.59,1190.44,1190.45,630070,1191.49,-0.0878,NSE
AXISBANK.NS,,,1190.19,1192.61,1184.24,1187.21,1067978,1190.45,-0.272,NSE
AXISBANK.NS,,,1186.84,1187.58,1184.14,1185.47,621231,1187.21,-0.1468,NSE
AXISBANK.NS,,,1183.94,1185.03,1183.31,1184.69,1058729,1185.47,-0.0657,NSE
AXISBANK.NS,,,1183.77,1184.51,1178.61,1182.9,1026624,1184.69,-0.1509,NSE
AXISBANK.NS,,,1183.83,1183.88,1182.06,1183.36,1105503,1182.9,0.0389,NSE
AXISBANK.NS,,,1183.45,1185.57,1178.8,1179.11,1190011,1183.36,-0.3595,NSE
AXISBANK.NS,,,1177.77,1178.76,1176.78,1177.28,784564,1179.11,-0.1552,NSE
AXISBANK.NS,,,1178.39,1178.59,1175.52,1176.22,759984,1177.28,-0.0902,NSE
AXISBANK.NS,,,1176.76,1177.71,1172.4,1174.52,920871,1176.22,-0.1438,NSE
AXISBANK.NS,,,1173.93,1175.8,1173.78,1175.59,622378,1174.52,0.0909,NSE
AXISBANK.NS,,,1176.1,1177.92,1174.02,1177.68,979163,1175.59,0.1772,NSE
AXISBANK.NS,,,1176.28,1181.17,1175.88,1180.07,1086805,1177.68,0.2033,NSE
AXISBANK.NS,,,1180.28,1180.98,1179.05,1180.37,955568,1180.07,0.0255,NSE
AXISBANK.NS,,,1179.75,1181.76,1179.09,1179.21,924997,1180.37,-0.0986,NSE
AXISBANK.NS,,,1178.95,1181.82,1177.72,1181.78,871087,1179.21,0.2186,NSE
AXISBANK.NS,,,1181.3,1183.21,1180.0,1182.04,882818,1181.78,0.0215,NSE
AXISBANK.NS,,,1182.02,1182.15,1181.61,1181.94,1191133,1182.04,-0.0078,NSE
AXISBANK.NS,,,1181.99,1182.76,1179.86,1181.87,804477,1181.94,-0.0061,NSE
AXISBANK.NS,,,1181.47,1181.56,1180.13,1180.34,747048,1181.87,-0.1296,NSE
AXISBANK.NS,,,1181.93,1182.92,1178.17,1178.43,944166,1180.34,-0.1615,NSE
AXISBANK.NS,,,1178.39,1182.55,1177.63,1180.94,725706,1178.43,0.2131,NSE
AXISBANK.NS,,,1181.08,1181.3,1180.13,1180.68,768262,1180.94,-0.0224,NSE
AXISBANK.NS,,,1180.55,1184.97,1180.11,1182.68,744040,1180.68,0.1695,NSE
AXISBANK.NS,,,1181.54,1187.23,1181.41,1185.67,1211392,1182.68,0.2526,NSE
AXISBANK.NS,,,1187.22,1187.27,1184.13,1184.72,1213043,1185.67,-0.0799,NSE
AXISBANK.NS,,,1186.18,1189.68,1185.5,1188.05,1135343,1184.72,0.2809,NSE
AXISBANK.NS,,,1187.67,1189.6,1185.29,1185.83,744474,1188.05,-0.187,NSE
AXISBANK.NS,,,1185.9,1186.61,1184.7,1184.95,1106014,1185.83,-0.0737,NSE
AXISBANK.NS,,,1183.74,1186.11,1181.21,1184.36,1005553,1184.95,-0.0503,NSE
AXISBANK.NS,,,1183.57,1187.66,1183.16,1186.17,775316,1184.36,0.1533,NSE
AXISBANK.NS,,,1185.15,1187.3,1183.42,1184.88,608556,1186.17,-0.1093,NSE
AXISBANK.NS,,,1183.72,1188.56,1182.37,1185.12,949670,1184.88,0.0201,NSE
AXISBANK.NS,,,1184.99,1185.39,1184.41,1184.65,798953,1185.12,-0.0396,NSE
AXISBANK.NS,,,1183.87,1184.33,1183.3,1183.78,659458,1184.65,-0.0734,NSE
AXISBANK.NS,,,1183.15,1185.22,1182.5,1183.7,926837,1183.78,-0.0061,NSE
AXISBANK.NS,,,1183.53,1186.28,1180.27,1180.79,710102,1183.7,-0.246,NSE
AXISBANK.NS,,,1181.9,1182.44,1181.61,1182.07,1127102,1180.79,0.108,NSE
AXISBANK.NS,,,1182.08,1184.95,1179.06,1180.49,766099,1182.07,-0.1338,NSE
AXISBANK.NS,,,1179.98,1181.75,1178.87,1179.95,1168425,1180.49,-0.0456,NSE
AXISBANK.NS,,,1179.74,1186.32,1178.64,1185.57,1212971,1179.95,0.477,NSE
AXISBANK.NS,,,1185.37,1188.1,1181.57,1187.61,995210,1185.57,0.1718,NSE
AXISBANK.NS,,,1186.5,1188.08,1185.64,1187.61,944482,1187.61,-0.0003,NSE
AXISBANK.NS,,,1187.49,1192.06,1187.28,1190.84,722759,1187.61,0.272,NSE
AXISBANK.NS,,,1190.66,1191.01,1188.72,1188.77,1095001,1190.84,-0.1741,NSE
AXISBANK.NS,,,1189.1,1191.47,1183.03,1183.66,1032099,1188.77,-0.4299,NSE
AXISBANK.NS,,,1184.0,1184.31,1181.85,1182.82,1019951,1183.66,-0.0709,NSE
AXISBANK.NS,,,1181.88,1187.63,1181.24,1187.04,798432,1182.82,0.357,NSE
